Location,Restaurant,Review_Count
Johor ,Chez Papa French Bistro and Wine Bar,291
Johor ,Tosca Trattoria Italiana at DoubleTree by Hilton Johor Bahru,275
Johor ,Makan Kitchen at DoubleTree by Hilton Johor Bahru,267
Johor ,Cafe BLD at Renaissance Johor Bahru Hotel,184
Johor ,Fatfish jb,119
Johor ,JH Lovely Sweets Indian Vegetarian Food,102
Johor ,The Spice Kitchen,101
Johor ,Spice Grill,90
Johor ,7 Spice Indian Cuisine,86
Johor ,Gianni's Trattoria,69
Kedah,Haroo Haroo Korean Restaurant,722
Kedah,La Sal at Casa Del Mar,679
Kedah,fatCUPID,655
Kedah,Wonderland Food Store,564
Kedah,Alhamdulillah Restaurant,408
Kedah,Sun Cafe,394
Kedah,MY French Factory,368
Kedah,Mangoes,338
Kedah,Jala Restaurant,329
Kedah,Unkaizan,291
Kuala Lumpur,Canopy Rooftop Bar and Lounge,1193
Kuala Lumpur,Iketeru Restaurant,1054
Kuala Lumpur,Dining In The Dark KL,1043
Kuala Lumpur,The Whisky Bar,1020
Kuala Lumpur,Positano Risto,776
Kuala Lumpur,Opium KL,676
Kuala Lumpur,Chambers Grill,640
Kuala Lumpur,El Cerdo,627
Kuala Lumpur,Chynna,490
Kuala Lumpur,Quivo Pavilion,484
Melaka,Geographer Cafe,319
Melaka,Hard Rock Cafe,262
Melaka,Wild Coriander,253
Melaka,The Baboon House,190
Melaka,Nancy's Kitchen Restaurant,189
Melaka,SALUD Tapas Bar & Restaurant,161
Melaka,Amy Heritage Nyonya Cuisine,128
Melaka,Bulldog,123
Melaka,Sid's Pub at Jonker's,120
Melaka,Selvam,117
Perak,Cuisines Restaurant,214
Perak,Yuk Sou Hin,170
Perak,Ming Court Hong Kong Tim Sum,112
Perak,Tandoor Grill,107
Perak,Healy Mac's Irish Bar and Restaurant,102
Perak,STG Ipoh Oldtown,102
Perak,Jeff's Cellar,100
Perak,Lou Wong Bean Sprout Chicken,92
Perak,STG Tea House Cafe,81
Perak,Aun Kheng Lim Salted Chicken,70
Pulau Pinang,Kebaya Dining Room,730
Pulau Pinang,Living Room Cafe Bar & Gallery,651
Pulau Pinang,Lavish,511
Pulau Pinang,Tek Sen Restaurant,507
Pulau Pinang,Andrew's Kampung,492
Pulau Pinang,Mews Cafe,373
Pulau Pinang,Orinea by Farquhar Mansion,366
Pulau Pinang,Healy Mac's Irish Bar & Restaurant,296
Pulau Pinang,Holy Guacamole - Love Lane,262
Pulau Pinang,Helena's Cafe,229
Sarawak,James Brooke Bistro,302
Sarawak,Zinc Restaurant and Bar,300
Sarawak,Bla Bla Bla,291
Sarawak,The Junk,197
Sarawak,Indah House Kuching,188
Sarawak,Lepau Restaurant,141
Sarawak,Zest,125
Sarawak,Ceylonese Restaurant,121
Sarawak,Balkanico,91
Sarawak,The Bikalan,82
Selangor,Paya Serai,521
Selangor,Ishin Japanese Dining,410
Selangor,Kampachi Plaza33,384
Selangor,Vin's Restaurant and Bar,373
Selangor,Ticklish Ribs & 'Wiches,260
Selangor,Miyabi,245
Selangor,Yue,177
Selangor,Antipodean Atria,102
Selangor,Garam Masala North Indian Restaurant,72
Selangor,Bistro a Table,38
